model,f1_cv
XGBoost,0.5762941163926386
LightGBM,0.5434620427881297
CatBoost,0.6082691476651669
Stacking Ensemble,0.4633711577757489
