mean_ic,ic_std,icir,t_stat,p_value,n_days,significant
-0.0005106436251795265,0.22042432414071253,-0.0023166391784127526,-0.09008122684239403,0.4641173030977516,1512,False
