mean_ic,ic_std,icir,t_stat,p_value,n_days,significant
0.019658788707870304,0.4169095344140901,0.047153607881618896,1.8335418340510394,0.03345932008974221,1512,True
