strategy_name,annual_return,sharpe_ratio,max_drawdown,n_trades,mean_ic
TopK1,-0.05876316958994943,-0.16015007906374146,-0.6704093221787768,833,-0.0005106436251795265
TopK2,-0.0032385331318847133,-0.010451190699275923,-0.5390167965956257,1134,-0.0005106436251795265
TopK3,0.0351993047239636,0.1211697219068235,-0.3818399669867809,1248,-0.0005106436251795265
