{
  "xgboost": {
    "model_name": "XGBoost",
    "best_score": 0.5762941163926386,
    "best_params": {
      "subsample": 0.9,
      "n_estimators": 100,
      "min_child_weight": 1,
      "max_depth": 5,
      "learning_rate": 0.01,
      "colsample_bytree": 0.7
    },
    "n_iter": 50,
    "scoring": "f1",
    "cv_time_sec": 9.411224842071533
  },
  "lightgbm": {
    "model_name": "LightGBM",
    "best_score": 0.5434620427881297,
    "best_params": {
      "subsample": 0.9,
      "num_leaves": 63,
      "n_estimators": 400,
      "max_depth": 3,
      "learning_rate": 0.1,
      "colsample_bytree": 0.7
    },
    "n_iter": 50,
    "scoring": "f1",
    "cv_time_sec": 25.046342611312866
  },
  "catboost": {
    "model_name": "CatBoost",
    "best_score": 0.6082691476651669,
    "best_params": {
      "learning_rate": 0.03,
      "l2_leaf_reg": 3,
      "iterations": 500,
      "depth": 3,
      "border_count": 32
    },
    "n_iter": 50,
    "scoring": "f1",
    "cv_time_sec": 245.18172812461853
  },
  "ensemble": {
    "model": "Stacking Ensemble",
    "accuracy_mean": 0.5266666666666666,
    "accuracy_std": 0.05333333333333332,
    "f1_mean": 0.4633711577757489,
    "f1_std": 0.20442643821139325,
    "roc_auc_mean": 0.4208624338624339,
    "roc_auc_std": 0.17753454764373575
  }
}